layer_i,layer_j,meanK
0,0,1.0
0,1,0.6500000000000001
0,2,0.42249999999999976
0,3,0.2746250000000003
0,4,0.17850625000000064
0,5,0.1160290625000002
0,6,0.07541889062500039
0,7,0.04902227890625
0,8,0.0318644812890625
0,9,0.020711912837890034
0,10,0.01346274334462903
0,11,0.008750783174008674
0,12,0.005688009063105563
0,13,0.003697205891018739
0,14,0.0024031838291621037
0,15,0.0015620694889553737
0,16,0.0010153451678210645
0,17,0.0006599743590836612
0,18,0.00042898333340435796
0,19,0.00027883916671286017
0,20,0.0001812454583633652
0,21,0.00011780954793616815
0,22,7.657620615851683e-05
0,23,4.97745340030335e-05
0,24,3.235344710197723e-05
0,25,2.1029740616280087e-05
0,26,1.3669331400582236e-05
0,27,8.885065410379989e-06
0,28,5.775292516746469e-06
0,29,3.753940135885372e-06
0,30,2.440061088324985e-06
0,31,1.586039707411972e-06
0,32,1.0309258098172312e-06
0,33,6.701017763814205e-07
0,34,4.355661546477166e-07
0,35,2.8311800052105947e-07
0,36,1.8402670033876438e-07
0,37,1.196173552201515e-07
0,38,7.775128089314978e-08
0,39,5.053833258049217e-08
0,40,3.2849916177330655e-08
0,41,2.1352445515269416e-08
0,42,1.3879089584918661e-08
0,43,9.02140823020236e-09
0,44,5.863915349630382e-09
0,45,3.811544977262344e-09
0,46,2.4775042352158566e-09
0,47,1.6103777528911049e-09
0,48,1.0467455393805223e-09
0,49,6.803846005969503e-10
0,50,4.4224999038836166e-10
1,0,0.6500000000000001
1,1,1.4225000000000003
1,2,0.9246249999999995
1,3,0.6010062499999997
1,4,0.3906540625000008
1,5,0.2539251406249997
1,6,0.16505134140625002
1,7,0.10728337191406379
1,8,0.06973419174414064
1,9,0.04532722463369103
1,10,0.029462696011898833
1,11,0.019150752407734672
1,12,0.01244798906502726
1,13,0.0080911928922677
1,14,0.005259275379974107
1,15,0.0034185289969830717
1,16,0.002222043848039101
1,17,0.0014443285012254567
1,18,0.0009388135257965089
1,19,0.0006102287917677167
1,20,0.0003966487146490408
1,21,0.0002578216645218776
1,22,0.00016758408193920385
1,23,0.00010892965326048977
1,24,7.080427461931665e-05
1,25,4.6022778502559476e-05
1,26,2.991480602665749e-05
1,27,1.944462391732916e-05
1,28,1.2639005546265702e-05
1,29,8.21535360507196e-06
1,30,5.33997984329685e-06
1,31,3.4709868981427467e-06
1,32,2.256141483793203e-06
1,33,1.4664919644651142e-06
1,34,9.532197769024844e-07
1,35,6.195928549863846e-07
1,36,4.027353557412547e-07
1,37,2.617779812318491e-07
1,38,1.701556878006982e-07
1,39,1.1060119707047445e-07
1,40,7.189077809575535e-08
1,41,4.672900576226548e-08
1,42,3.037385374546654e-08
1,43,1.974300493455472e-08
1,44,1.2832953207462109e-08
1,45,8.341419584853228e-09
1,46,5.421922730152692e-09
1,47,3.524249774594787e-09
1,48,2.290762353488062e-09
1,49,1.4889955297685423e-09
1,50,9.678470943492375e-10
2,0,0.42249999999999976
2,1,0.9246249999999995
2,2,1.6010062499999993
2,3,1.040654062499999
2,4,0.6764251406249998
2,5,0.43967634140625
2,6,0.28578962191406126
2,7,0.18576325424414158
2,8,0.12074611525869273
2,9,0.07848497491814915
2,10,0.051015233696796725
2,11,0.03315990190291742
2,12,0.021553936236896745
2,13,0.014010058553982617
2,14,0.009106538060088645
2,15,0.005919249739057735
2,16,0.0038475123303874704
2,17,0.0025008830147519876
2,18,0.0016255739595888187
2,19,0.0010566230737327053
2,20,0.0006868049979262335
2,21,0.0004464232486520675
2,22,0.00029017511162385354
2,23,0.00018861382255548593
2,24,0.00012259898466107484
2,25,7.96893400296932e-05
2,26,5.179807101930459e-05
2,27,3.366874616254202e-05
2,28,2.1884685005655286e-05
2,29,1.422504525367773e-05
2,30,9.246279414889418e-06
2,31,6.010081619678608e-06
2,32,3.906553052790792e-06
2,33,2.539259484314354e-06
2,34,1.6505186648037685e-06
2,35,1.0728371321226624e-06
2,36,6.973441358794922e-07
2,37,4.53273688321758e-07
2,38,2.9462789740917396e-07
2,39,1.9150813331595849e-07
2,40,1.2448028665539978e-07
2,41,8.091218632596136e-08
2,42,5.259292111190242e-08
2,43,3.4185398722729955e-08
2,44,2.222050916977766e-08
2,45,1.4443330960356954e-08
2,46,9.388165124234063e-09
2,47,6.102307330749032e-09
2,48,3.9664997649825465e-09
2,49,2.5782248472399255e-09
2,50,1.6758461507075301e-09
3,0,0.2746250000000003
3,1,0.6010062499999997
3,2,1.040654062499999
3,3,1.6764251406249986
3,4,1.0896763414062511
3,5,0.7082896219140625
3,6,0.46038825424413615
3,7,0.29925236525869037
3,8,0.19451403741814946
3,9,0.12643412432179835
3,10,0.08218218080916785
3,11,0.053418417525958814
3,12,0.0347219713918727
3,13,0.022569281404717728
3,14,0.014670032913066207
3,15,0.009535521393492964
3,16,0.006198088905770593
3,17,0.004028757788750825
3,18,0.002618692562688202
3,19,0.0017021501657473567
3,20,0.0011063976077357535
3,21,0.0007191584450282005
3,22,0.00046745298926834626
3,23,0.00030384444302443945
3,24,0.000197498887965866
3,25,0.00012837427717782055
3,26,8.344328016557582e-05
3,27,5.423813210762719e-05
3,28,3.525478586995313e-05
3,29,2.291561081547426e-05
3,30,1.4895147030059498e-05
3,31,9.681845569537562e-06
3,32,6.293199620200034e-06
3,33,4.090579753129814e-06
3,34,2.6588768395345036e-06
3,35,1.7282699456968502e-06
3,36,1.1233754647032218e-06
3,37,7.301940520568022e-07
3,38,4.7462613383701764e-07
3,39,3.085069869940655e-07
3,40,2.0052954154615945e-07
3,41,1.303442020050376e-07
3,42,8.472373130322391e-08
3,43,5.507042534713167e-08
3,44,3.579577647562486e-08
3,45,2.3267254709163046e-08
3,46,1.51237155609545e-08
3,47,9.830415114623603e-09
3,48,6.389769824501111e-09
3,49,4.15335038592102e-09
3,50,2.699677750849952e-09
4,0,0.17850625000000064
4,1,0.3906540625000008
4,2,0.6764251406249998
4,3,1.0896763414062511
4,4,1.7082896219140644
4,5,1.1103882542441452
4,6,0.7217523652586959
4,7,0.4691390374181481
4,8,0.3049403743217958
4,9,0.19821124330916748
4,10,0.1288373081509607
4,11,0.08374425029812328
4,12,0.0544337626937798
4,13,0.03538194575095633
4,14,0.022998264738121915
4,15,0.014948872079779008
4,16,0.00971676685185642
4,17,0.006315898453706781
4,18,0.004105333994909429
4,19,0.0026684670966912816
4,20,0.0017345036128493495
4,21,0.0011274273483520448
4,22,0.0007328277764287823
4,23,0.00047633805467872247
4,24,0.0003096197355411891
4,25,0.0002012528281017507
4,26,0.00013081433826614525
4,27,8.502931987298407e-05
4,28,5.526905791744235e-05
4,29,3.592488764633471e-05
4,30,2.335117697012349e-05
4,31,1.5178265030581189e-05
4,32,9.865872269876498e-06
4,33,6.4128169754205824e-06
4,34,4.168331034023165e-06
4,35,2.7094151721150332e-06
4,36,1.7611198618741855e-06
4,37,1.1447279102185108e-06
4,38,7.44073141641706e-07
4,39,4.836475420671965e-07
4,40,3.1437090234367125e-07
4,41,2.0434108652342426e-07
4,42,1.3282170624026194e-07
4,43,8.63341090561217e-08
4,44,5.6117170886520704e-08
4,45,3.6476161076225385e-08
4,46,2.370950469955487e-08
4,47,1.5411178054704156e-08
4,48,1.0017265735564209e-08
4,49,6.511222728111156e-09
4,50,4.232294773267325e-09
5,0,0.1160290625000002
5,1,0.2539251406249997
5,2,0.43967634140625
5,3,0.7082896219140625
5,4,1.1103882542441452
5,5,1.7217523652586966
5,6,1.1191390374181476
5,7,0.7274403743218073
5,8,0.4728362433091683
5,9,0.30734355815095765
5,10,0.19977331279812238
5,11,0.12985265331878185
5,12,0.08440422465720697
5,13,0.054862746027184175
5,14,0.035660784917669004
5,15,0.023179510196484943
5,16,0.01506668162771524
5,17,0.009793343058015066
5,18,0.006365672987709876
5,19,0.004137687442011488
5,20,0.002689496837307602
5,21,0.0017481729442499476
5,22,0.0011363124137624334
5,23,0.0007386030689455268
5,24,0.00048009199481460535
5,25,0.0003120597966295165
5,26,0.0002028388678091617
5,27,0.00013184526407596147
5,28,8.569942164936255e-05
5,29,5.570462407208847e-05
5,30,3.6208005646856006e-05
5,31,2.3535203670463555e-05
5,32,1.529788238580185e-05
5,33,9.943623550769859e-06
5,34,6.463355308001371e-06
5,35,4.201180950200738e-06
5,36,2.7307676176302204e-06
5,37,1.7749989514590964e-06
5,38,1.1537493184486435e-06
5,39,7.499370569913084e-07
5,40,4.874590870444392e-07
5,41,3.168484065788707e-07
5,42,2.059514642763591e-07
5,43,1.3386845177964882e-07
5,44,8.701449365672341e-08
5,45,5.6559420876917704e-08
5,46,3.676362356998008e-08
5,47,2.3896355320495253e-08
5,48,1.553263095831095e-08
5,49,1.009621012291233e-08
5,50,6.562536579886287e-09
6,0,0.07541889062500039
6,1,0.16505134140625002
6,2,0.28578962191406126
6,3,0.46038825424413615
6,4,0.7217523652586959
6,5,1.1191390374181476
6,6,1.7274403743217925
6,7,1.122836243309158
6,8,0.7298435581509686
6,9,0.4743983127981232
6,10,0.3083589033187773
6,11,0.20043328715720482
6,12,0.13028163665218587
6,13,0.08468306382391956
6,14,0.05504399148554725
6,15,0.035778594465604815
6,16,0.023256086402643147
6,17,0.015116456161718294
6,18,0.009825696505117157
6,19,0.006386702728326193
6,20,0.004151356773412135
6,21,0.0026983819027180046
6,22,0.0017539482367667026
6,23,0.001140066353898323
6,24,0.0007410431300338482
6,25,0.00048167803452201234
6,26,0.00031309072243933456
6,27,0.00020350896958554142
6,28,0.00013228083023060776
6,29,8.598253964988099e-05
6,30,5.588865077242538e-05
6,31,3.6327623002077864e-05
6,32,2.3612954951357784e-05
6,33,1.5348420718382807e-05
6,34,9.97647346694734e-06
6,35,6.484707753516295e-06
6,36,4.215060039785802e-06
6,37,2.7397890258601165e-06
6,38,1.780862866808652e-06
6,39,1.1575608634257617e-06
6,40,7.524145612265008e-07
6,41,4.890694647973162e-07
6,42,3.178951521182566e-07
6,43,2.0663184887699525e-07
6,44,1.3431070177004246e-07
6,45,8.730195615048011e-08
6,46,5.6746271497864103e-08
6,47,3.688507647359121e-08
6,48,2.39752997078424e-08
6,49,1.5583944810082996e-08
6,50,1.0129564126567573e-08
7,0,0.04902227890625
7,1,0.10728337191406379
7,2,0.18576325424414158
7,3,0.29925236525869037
7,4,0.4691390374181481
7,5,0.7274403743218073
7,6,1.122836243309158
7,7,1.7298435581509484
7,8,1.1243983127981114
7,9,0.730858903318789
7,10,0.4750582871572069
7,11,0.30878788665218065
7,12,0.20071212632391666
7,13,0.13046288211054904
7,14,0.0848008733718555
7,15,0.05512056769170549
7,16,0.035828368999607584
7,17,0.023288439849744855
7,18,0.015137485902334625
7,19,0.009839365836517858
7,20,0.00639558779373661
7,21,0.00415713206592894
7,22,0.0027021358428538757
7,23,0.0017563882978550369
7,24,0.0011416523936057395
7,25,0.000742074055843662
7,26,0.0004823481362983899
7,27,0.0003135262885939829
7,28,0.00020379208758606124
7,29,0.00013246485693094534
7,30,8.610215700509878e-05
7,31,5.596640205331795e-05
7,32,3.637816133466088e-05
7,33,2.364580486753618e-05
7,34,1.5369773163898445e-05
7,35,9.990352556532033e-06
7,36,6.493729161746146e-06
7,37,4.22092395513542e-06
7,38,2.743600570837065e-06
7,39,1.7833403710437547e-06
7,40,1.1591712411785273e-06
7,41,7.534613067658587e-07
7,42,4.897498493979157e-07
7,43,3.1833740210865106e-07
7,44,2.0691931137078313e-07
7,45,1.344975523909869e-07
7,46,8.742340905409421e-08
7,47,5.6825215885216795e-08
7,48,3.693639032536683e-08
7,49,2.4008653711496766e-08
7,50,1.560562491245509e-08
8,0,0.0318644812890625
8,1,0.06973419174414064
8,2,0.12074611525869273
8,3,0.19451403741814946
8,4,0.3049403743217958
8,5,0.4728362433091683
8,6,0.7298435581509686
8,7,1.1243983127981114
8,8,1.7308589033187693
8,9,1.125058287157195
8,10,0.7312878866521941
8,11,0.4753371263239205
8,12,0.3089691321105436
8,13,0.2008299358718523
8,14,0.13053945831670752
8,15,0.0848506479058584
8,16,0.05515292113880732
8,17,0.03584939874022417
8,18,0.023302109181145256
8,19,0.015146370967745078
8,20,0.009845141129034724
8,21,0.006399341733872539
8,22,0.004159572127017302
8,23,0.002703721882561236
8,24,0.0017574192236648651
8,25,0.0011423224953821271
8,26,0.0007425096219983077
8,27,0.00048263125429890823
8,28,0.0003137103152943226
8,29,0.00020391170494128065
8,30,0.0001325426082118376
8,31,8.615269533767796e-05
8,32,5.5999251969495504e-05
8,33,3.639951378017848e-05
8,34,2.3659683957122084e-05
8,35,1.5378794572128766e-05
8,36,9.996216471881445e-06
8,37,6.497540706723006e-06
8,38,4.223401459370609e-06
8,39,2.745210948589646e-06
8,40,1.7843871165830328e-06
8,41,1.1598516257790118e-06
8,42,7.539035567562383e-07
8,43,4.900373118916716e-07
8,44,3.185242527295962e-07
8,45,2.070407642744264e-07
8,46,1.3457649677831864e-07
8,47,8.747472290587261e-08
8,48,5.6858569888875956e-08
8,49,3.6958070427742184e-08
8,50,2.4022745778031487e-08
9,0,0.020711912837890034
9,1,0.04532722463369103
9,2,0.07848497491814915
9,3,0.12643412432179835
9,4,0.19821124330916748
9,5,0.30734355815095765
9,6,0.4743983127981232
9,7,0.730858903318789
9,8,1.125058287157195
9,9,1.7312878866521733
9,10,1.1253371263239162
9,11,0.7314691321105583
9,12,0.4754549358718574
9,13,0.3090457083167017
9,14,0.20087971040585484
9,15,0.13057181176380947
9,16,0.0848716776464746
9,17,0.0551665904702081
9,18,0.035858283805634994
9,19,0.023307884473661843
9,20,0.015150124907881028
9,21,0.009847581190123158
9,22,0.006400927773579974
9,23,0.004160603052827124
9,24,0.0027043919843375707
9,25,0.001757854789819523
9,26,0.0011426056133826538
9,27,0.0007426936486986443
9,28,0.0004827508716541259
9,29,0.0003137880665752167
9,30,0.0002039622432738605
9,31,0.00013257545812801457
9,32,8.617404778319239e-05
9,33,5.601313105908062e-05
9,34,3.640853518841079e-05
9,35,2.3665547872472194e-05
9,36,1.538260611710612e-05
9,37,9.998693976116403e-06
9,38,6.4991510844755205e-06
9,39,4.224448204909578e-06
9,40,2.745891333189961e-06
9,41,1.7848293665733287e-06
9,42,1.1601390882726686e-06
9,43,7.540904073771698e-07
9,44,4.901587647952852e-07
9,45,3.1860319711694874e-07
9,46,2.070920781262186e-07
9,47,1.3460985078193923e-07
9,48,8.749640300825026e-08
9,49,5.687266195542446e-08
9,50,3.6967230270989745e-08
10,0,0.01346274334462903
10,1,0.029462696011898833
10,2,0.051015233696796725
10,3,0.08218218080916785
10,4,0.1288373081509607
10,5,0.19977331279812238
10,6,0.3083589033187773
10,7,0.4750582871572069
10,8,0.7312878866521941
10,9,1.1253371263239162
10,10,1.7314691321105478
10,11,1.1254549358718655
10,12,0.7315457083167197
10,13,0.4755047104058625
10,14,0.3090780617638043
10,15,0.2009007401464713
10,16,0.13058548109521045
10,17,0.08488056271188539
10,18,0.05517236576272532
10,19,0.03586203774577141
10,20,0.023310324534750095
10,21,0.015151710947588548
10,22,0.009848612115933096
10,23,0.00640159787535638
10,24,0.00416103861898179
10,25,0.0027046751023380583
10,26,0.0017580388165198764
10,27,0.0011427252307378826
10,28,0.0007427713999795381
10,29,0.00048280140998670576
10,30,0.00031382091649139593
10,31,0.00020398359571937604
10,32,0.0001325893372175999
10,33,8.618306919142213e-05
10,34,5.601899497443062e-05
10,35,3.6412346733389826e-05
10,36,2.3668025376705644e-05
10,37,1.538421649485911e-05
10,38,9.999740721655569e-06
10,39,6.499831469075546e-06
10,40,4.22489045489934e-06
10,41,2.7461787956834657e-06
10,42,1.7850162171941939e-06
10,43,1.1602605411761958e-06
10,44,7.541693517645121e-07
10,45,4.902100786470651e-07
10,46,3.1863655112060043e-07
10,47,2.0711375822859676e-07
10,48,1.3462394284845292e-07
10,49,8.750556285150632e-08
10,50,5.687861585353969e-08
11,0,0.008750783174008674
11,1,0.019150752407734672
11,2,0.03315990190291742
11,3,0.053418417525958814
11,4,0.08374425029812328
11,5,0.12985265331878185
11,6,0.20043328715720482
11,7,0.30878788665218065
11,8,0.4753371263239205
11,9,0.7314691321105583
11,10,1.1254549358718655
11,11,1.7315457083167185
11,12,1.125504710405881
11,13,0.731578061763825
11,14,0.475525740146481
11,15,0.30909173109520566
11,16,0.2009096252118819
11,17,0.13059125638772778
11,18,0.08488431665202176
11,19,0.05517480582381411
11,20,0.03586362378547932
11,21,0.023311355460560016
11,22,0.015152381049365029
11,23,0.00984904768208785
11,24,0.006401880993356926
11,25,0.004161222645682148
11,26,0.0027047947196932494
11,27,0.0017581165678007082
11,28,0.0011427757690704718
11,29,0.0007428042498957164
11,30,0.0004828227624322206
11,31,0.00031383479558098285
11,32,0.00020399261712760684
11,33,0.00013259520113294995
11,34,8.618688073639902e-05
11,35,5.602147247866601e-05
11,36,3.641395711114286e-05
11,37,2.3669072122243405e-05
11,38,1.5384896879459796e-05
11,39,1.0000182971645606e-05
11,40,6.5001189315686064e-06
11,41,4.225077305519712e-06
11,42,2.7463002485868565e-06
11,43,1.7850951615814752e-06
11,44,1.1603118550278967e-06
11,45,7.542027057681628e-07
11,46,4.902317587494392e-07
11,47,3.1865064318713416e-07
11,48,2.0712291807185313e-07
11,49,1.346298967465404e-07
11,50,8.750943288528072e-08
12,0,0.005688009063105563
12,1,0.01244798906502726
12,2,0.021553936236896745
12,3,0.0347219713918727
12,4,0.0544337626937798
12,5,0.08440422465720697
12,6,0.13028163665218587
12,7,0.20071212632391666
12,8,0.3089691321105436
12,9,0.4754549358718574
12,10,0.7315457083167197
12,11,1.125504710405881
12,12,1.7315780617638317
12,13,1.1255257401465086
12,14,0.7315917310952252
12,15,0.4755346252118935
12,16,0.3090975063877259
12,17,0.20091337915201815
12,18,0.13059369644881466
12,19,0.0848859026917296
12,20,0.05517583674962435
12,21,0.03586429388725625
12,22,0.023311791026715246
12,23,0.015152664167365633
12,24,0.009849231708788283
12,25,0.006402000610712169
12,26,0.004161300396963059
12,27,0.0027048452580257544
12,28,0.001758149417716825
12,29,0.001142797121515995
12,30,0.0007428181289853022
12,31,0.00048283178384045063
12,32,0.0003138406594963345
12,33,0.00020399642867258464
12,34,0.00013259767863718557
12,35,8.618849111415147e-05
12,36,5.6022519224204606e-05
12,37,3.641463749574358e-05
12,38,2.3669514372232324e-05
12,39,1.5385184341953526e-05
12,40,1.0000369822266116e-05
12,41,6.50024038447159e-06
12,42,4.225156249906545e-06
12,43,2.7463515624384593e-06
12,44,1.7851285155850696e-06
12,45,1.1603335351302041e-06
12,46,7.542167978347e-07
12,47,4.902409185927682e-07
12,48,3.186565970852395e-07
12,49,2.071267881056303e-07
12,50,1.346324122684674e-07
13,0,0.003697205891018739
13,1,0.0080911928922677
13,2,0.014010058553982617
13,3,0.022569281404717728
13,4,0.03538194575095633
13,5,0.054862746027184175
13,6,0.08468306382391956
13,7,0.13046288211054904
13,8,0.2008299358718523
13,9,0.3090457083167017
13,10,0.4755047104058625
13,11,0.731578061763825
13,12,1.1255257401465086
13,13,1.7315917310952422
13,14,1.1255346252119276
13,15,0.7315975063877345
13,16,0.475538379152033
13,17,0.3090999464488199
13,18,0.20091496519172464
13,19,0.13059472737462263
13,20,0.0848865727935064
13,21,0.05517627231577945
13,22,0.035864577005257595
13,23,0.023311975053416104
13,24,0.015152783784720927
13,25,0.009849309460069263
13,26,0.006402051149044771
13,27,0.00416133324687922
13,28,0.002704866610471198
13,29,0.0017581632968063543
13,30,0.0011428061429242325
13,31,0.0007428239929006527
13,32,0.0004828355953854278
13,33,0.0003138431370005716
13,34,0.00020399803905033804
13,35,0.0001325987253827252
13,36,8.61891714987522e-05
13,37,5.6022961474194254e-05
13,38,3.6414924958235656e-05
13,39,2.3669701222851852e-05
13,40,1.538530579485556e-05
13,41,1.0000448766653068e-05
13,42,6.500291698322796e-06
13,43,4.225189603909751e-06
13,44,2.746373242541281e-06
13,45,1.785142607651559e-06
13,46,1.1603426949733938e-06
13,47,7.542227517328585e-07
13,48,4.902447886266872e-07
13,49,3.1865911260718453e-07
13,50,2.071284231949013e-07
14,0,0.0024031838291621037
14,1,0.005259275379974107
14,2,0.009106538060088645
14,3,0.014670032913066207
14,4,0.022998264738121915
14,5,0.035660784917669004
14,6,0.05504399148554725
14,7,0.0848008733718555
14,8,0.13053945831670752
14,9,0.20087971040585484
14,10,0.3090780617638043
14,11,0.475525740146481
14,12,0.7315917310952252
14,13,1.1255346252119276
14,14,1.7315975063877656
14,15,1.1255383791520652
14,16,0.7315999464488168
14,17,0.475539965191745
14,18,0.3091009773746337
14,19,0.2009156352934996
14,20,0.13059516294077547
14,21,0.08488685591150726
14,22,0.05517645634248035
14,23,0.035864696622613525
14,24,0.023312052804697458
14,25,0.015152834323053569
14,26,0.009849342309985512
14,27,0.006402072501490281
14,28,0.004161347125968784
14,29,0.00270487563187936
14,30,0.0017581691607216523
14,31,0.001142809954469181
14,32,0.0007428264704048884
14,33,0.0004828372057631802
14,34,0.00031384418374611243
14,35,0.0002039987194349389
14,36,0.00013259916763271612
14,37,8.618945896125492e-05
14,38,5.602314832481332e-05
14,39,3.64150464111344e-05
14,40,2.3669780167236888e-05
14,41,1.538535710870485e-05
14,42,1.0000482120656358e-05
14,43,6.500313378424659e-06
14,44,4.225203695976275e-06
14,45,2.7463824023849388e-06
14,46,1.7851485615496216e-06
14,47,1.1603465650071415e-06
14,48,7.542252672549003e-07
14,49,4.90246423716088e-07
14,50,3.186601754152012e-07
15,0,0.0015620694889553737
15,1,0.0034185289969830717
15,2,0.005919249739057735
15,3,0.009535521393492964
15,4,0.014948872079779008
15,5,0.023179510196484943
15,6,0.035778594465604815
15,7,0.05512056769170549
15,8,0.0848506479058584
15,9,0.13057181176380947
15,10,0.2009007401464713
15,11,0.30909173109520566
15,12,0.4755346252118935
15,13,0.7315975063877345
15,14,1.1255383791520652
15,15,1.731599946448854
15,16,1.1255399651917737
15,17,0.7316009773746208
15,18,0.47554063529352414
15,19,0.30910141294079124
15,20,0.20091591841149853
15,21,0.13059534696747396
15,22,0.08488697552886279
15,23,0.05517653409376167
15,24,0.035864747160946696
15,25,0.02331208565461401
15,26,0.01515285567549911
15,27,0.00984935618907513
15,28,0.006402081522898185
15,29,0.004161352989884108
15,30,0.0027048794434242716
15,31,0.0017581716382258157
15,32,0.0011428115648468595
15,33,0.0007428275171504266
15,34,0.0004828378861477795
15,35,0.0003138446259961035
15,36,0.0002039990068974327
15,37,0.0001325993544833431
15,38,8.618958041416577e-05
15,39,5.6023227269196716e-05
15,40,3.641509772498104e-05
15,41,2.3669813521237723e-05
15,42,1.5385378788804938e-05
15,43,1.0000496212722563e-05
15,44,6.500322538267692e-06
15,45,4.225209649874365e-06
15,46,2.7463862724190745e-06
15,47,1.7851510770715457e-06
15,48,1.1603482000964172e-06
15,49,7.542263300630046e-07
15,50,4.902471145414222e-07
16,0,0.0010153451678210645
16,1,0.002222043848039101
16,2,0.0038475123303874704
16,3,0.006198088905770593
16,4,0.00971676685185642
16,5,0.01506668162771524
16,6,0.023256086402643147
16,7,0.035828368999607584
16,8,0.05515292113880732
16,9,0.0848716776464746
16,10,0.13058548109521045
16,11,0.2009096252118819
16,12,0.3090975063877259
16,13,0.475538379152033
16,14,0.7315999464488168
16,15,1.1255399651917737
16,16,1.7316009773746648
16,17,1.1255406352935513
16,18,0.73160141294077
16,19,0.4755409184115271
16,20,0.30910159696749434
16,21,0.20091603802885755
16,22,0.1305954247187533
16,23,0.08488702606719567
16,24,0.05517656694367823
16,25,0.03586476851339276
16,26,0.02331209953370394
16,27,0.015152864696907358
16,28,0.009849362052990317
16,29,0.006402085334442853
16,30,0.004161355467388322
16,31,0.002704881053801951
16,32,0.0017581726849712597
16,33,0.0011428122452313927
16,34,0.0007428279594004165
16,35,0.0004828381736102723
16,36,0.0003138448128467254
16,37,0.00020399912835034024
16,38,0.00013259943342773547
16,39,8.618963172802277e-05
16,40,5.6023260623196366e-05
16,41,3.641511940507831e-05
16,42,2.366982761330171e-05
16,43,1.5385387948646124e-05
16,44,1.0000502166620687e-05
16,45,6.500326408301268e-06
16,46,4.225212165396296e-06
16,47,2.746387907508687e-06
16,48,1.7851521398795658e-06
16,49,1.1603488909216388e-06
16,50,7.542267790997081e-07
17,0,0.0006599743590836612
17,1,0.0014443285012254567
17,2,0.0025008830147519876
17,3,0.004028757788750825
17,4,0.006315898453706781
17,5,0.009793343058015066
17,6,0.015116456161718294
17,7,0.023288439849744855
17,8,0.03584939874022417
17,9,0.0551665904702081
17,10,0.08488056271188539
17,11,0.13059125638772778
17,12,0.20091337915201815
17,13,0.3090999464488199
17,14,0.475539965191745
17,15,0.7316009773746208
17,16,1.1255406352935513
17,17,1.7316014129408208
17,18,1.1255409184115535
17,19,0.7316015969674654
17,20,0.4755410380288848
17,21,0.3091016747187811
17,22,0.20091608856719362
17,23,0.1305954575686681
17,24,0.08488704741964147
17,25,0.05517658082276819
17,26,0.03586477753480149
17,27,0.023312105397619604
17,28,0.015152868508452226
17,29,0.00984936453049439
17,30,0.006402086944820325
17,31,0.0041613565141338325
17,32,0.0027048817341864652
17,33,0.0017581731272211635
17,34,0.0011428125326938257
17,35,0.0007428281462510367
17,36,0.00048283829506317515
17,37,0.000313844891791116
17,38,0.00020399917966419526
17,39,0.00013259946678173532
17,40,8.618965340812964e-05
17,41,5.602327471526508e-05
17,42,3.641512856491693e-05
17,43,2.3669833567197512e-05
17,44,1.5385391818678223e-05
17,45,1.0000504682145024e-05
17,46,6.500328043390357e-06
17,47,4.225213228204311e-06
17,48,2.746388598334229e-06
17,49,1.7851525889159518e-06
17,50,1.1603491827954548e-06
18,0,0.00042898333340435796
18,1,0.0009388135257965089
18,2,0.0016255739595888187
18,3,0.002618692562688202
18,4,0.004105333994909429
18,5,0.006365672987709876
18,6,0.009825696505117157
18,7,0.015137485902334625
18,8,0.023302109181145256
18,9,0.035858283805634994
18,10,0.05517236576272532
18,11,0.08488431665202176
18,12,0.13059369644881466
18,13,0.20091496519172464
18,14,0.3091009773746337
18,15,0.47554063529352414
18,16,0.73160141294077
18,17,1.1255409184115535
18,18,1.7316015969675225
18,19,1.1255410380289097
18,20,0.7316016747187419
18,21,0.47554108856722166
18,22,0.3091017075687027
18,23,0.20091610991964232
18,24,0.1305954714477564
18,25,0.08488705644104995
18,26,0.05517658668668388
18,27,0.035864781346346915
18,28,0.023312107875124045
18,29,0.015152870118829872
18,30,0.009849365577239784
18,31,0.006402087625204664
18,32,0.004161356956383642
18,33,0.00270488202164888
18,34,0.0017581733140718142
18,35,0.0011428126541466737
18,36,0.0007428282251954963
18,37,0.0004828383463770278
18,38,0.0003138449251451225
18,39,0.0002039992013442952
18,40,0.00013259948087378554
18,41,8.618966256798072e-05
18,42,5.602328066916918e-05
18,43,3.64151324349465e-05
18,44,2.3669836082717494e-05
18,45,1.5385393453767514e-05
18,46,1.0000505744955215e-05
18,47,6.500328734215416e-06
18,48,4.225213677240701e-06
18,49,2.746388890208179e-06
18,50,1.785152778633924e-06
19,0,0.00027883916671286017
19,1,0.0006102287917677167
19,2,0.0010566230737327053
19,3,0.0017021501657473567
19,4,0.0026684670966912816
19,5,0.004137687442011488
19,6,0.006386702728326193
19,7,0.009839365836517858
19,8,0.015146370967745078
19,9,0.023307884473661843
19,10,0.03586203774577141
19,11,0.05517480582381411
19,12,0.0848859026917296
19,13,0.13059472737462263
19,14,0.2009156352934996
19,15,0.30910141294079124
19,16,0.4755409184115271
19,17,0.7316015969674654
19,18,1.1255410380289097
19,19,1.7316016747188046
19,20,1.1255410885672434
19,21,0.7316017075686561
19,22,0.4755411099196711
19,23,0.3091017214477972
19,24,0.2009161189410534
19,25,0.13059547731167062
19,26,0.08488706025259517
19,27,0.055176589164188425
19,28,0.03586478295672502
19,29,0.023312108921869756
19,30,0.015152870799214374
19,31,0.009849366019489637
19,32,0.00640208791266682
19,33,0.004161357143233917
19,34,0.002704882143101783
19,35,0.0017581733930162817
19,36,0.001142812705460522
19,37,0.0007428282585495747
19,38,0.0004828383680571309
19,39,0.000313844939237188
19,40,0.00020399921050412778
19,41,0.00013259948682767128
19,42,8.618966643802422e-05
19,43,5.602328318469657e-05
19,44,3.641513407003203e-05
19,45,2.3669837145524732e-05
19,46,1.5385394144592753e-05
19,47,1.0000506193993579e-05
19,48,6.500329026088932e-06
19,49,4.225213866958575e-06
19,50,2.7463890135251333e-06
20,0,0.0001812454583633652
20,1,0.0003966487146490408
20,2,0.0006868049979262335
20,3,0.0011063976077357535
20,4,0.0017345036128493495
20,5,0.002689496837307602
20,6,0.004151356773412135
20,7,0.00639558779373661
20,8,0.009845141129034724
20,9,0.015150124907881028
20,10,0.023310324534750095
20,11,0.03586362378547932
20,12,0.05517583674962435
20,13,0.0848865727935064
20,14,0.13059516294077547
20,15,0.20091591841149853
20,16,0.30910159696749434
20,17,0.4755410380288848
20,18,0.7316016747187419
20,19,1.1255410885672434
20,20,1.7316017075687216
20,21,1.1255411099196915
20,22,0.7316017214477637
20,23,0.47554111894108303
20,24,0.309101727311717
20,25,0.20091612275260107
20,26,0.1305954797891738
20,27,0.08488706186297312
20,28,0.0551765902109342
20,29,0.03586478363710994
20,30,0.02331210936411991
20,31,0.015152871086676777
20,32,0.009849366206340068
20,33,0.0064020880341193
20,34,0.0041613572221780365
20,35,0.0027048821944156685
20,36,0.001758173426370389
20,37,0.0011428127271406277
20,38,0.000742828272641709
20,39,0.0004828383772169724
20,40,0.00031384494519107973
20,41,0.00020399921437415345
20,42,0.0001325994893431836
20,43,8.618966807312235e-05
20,44,5.602328424750959e-05
20,45,3.64151347608545e-05
20,46,2.36698375945604e-05
20,47,1.538539443646801e-05
20,48,1.000050638371325e-05
20,49,6.50032914940681e-06
20,50,4.22521394711442e-06
21,0,0.00011780954793616815
21,1,0.0002578216645218776
21,2,0.0004464232486520675
21,3,0.0007191584450282005
21,4,0.0011274273483520448
21,5,0.0017481729442499476
21,6,0.0026983819027180046
21,7,0.00415713206592894
21,8,0.006399341733872539
21,9,0.009847581190123158
21,10,0.015151710947588548
21,11,0.023311355460560016
21,12,0.03586429388725625
21,13,0.05517627231577945
21,14,0.08488685591150726
21,15,0.13059534696747396
21,16,0.20091603802885755
21,17,0.3091016747187811
21,18,0.47554108856722166
21,19,0.7316017075686561
21,20,1.1255411099196915
21,21,1.7316017214478139
21,22,1.1255411189411153
21,23,0.7316017273116961
21,24,0.4755411227526314
21,25,0.30910172978922534
21,26,0.2009161243629813
21,27,0.13059548083591843
21,28,0.08488706254335794
21,29,0.05517659065318442
21,30,0.03586478392457274
21,31,0.02331210955097069
21,32,0.015152871208129562
21,33,0.009849366285284211
21,34,0.006402088085432797
21,35,0.0041613572555318215
21,36,0.0027048822160958227
21,37,0.001758173440462555
21,38,0.0011428127363004976
21,39,0.0007428282785956675
21,40,0.0004828383810870014
21,41,0.0003138449477065971
21,42,0.0002039992160092615
21,43,0.000132599490405983
21,44,8.618966876393865e-05
21,45,5.602328469655098e-05
21,46,3.641513505272567e-05
21,47,2.3669837784278664e-05
21,48,1.5385394559789557e-05
21,49,1.0000506463871591e-05
21,50,6.5003292015103956e-06
22,0,7.657620615851683e-05
22,1,0.00016758408193920385
22,2,0.00029017511162385354
22,3,0.00046745298926834626
22,4,0.0007328277764287823
22,5,0.0011363124137624334
22,6,0.0017539482367667026
22,7,0.0027021358428538757
22,8,0.004159572127017302
22,9,0.006400927773579974
22,10,0.009848612115933096
22,11,0.015152381049365029
22,12,0.023311791026715246
22,13,0.035864577005257595
22,14,0.05517645634248035
22,15,0.08488697552886279
22,16,0.1305954247187533
22,17,0.20091608856719362
22,18,0.3091017075687027
22,19,0.4755411099196711
22,20,0.7316017214477637
22,21,1.1255411189411153
22,22,1.7316017273117486
22,23,1.1255411227526801
22,24,0.7316017297892193
22,25,0.4755411243630147
22,26,0.30910173083597625
22,27,0.20091612504336914
22,28,0.13059548127816825
22,29,0.08488706283082104
22,30,0.05517659084003553
22,31,0.035864784046026096
22,32,0.023312109629915305
22,33,0.015152871259443333
22,34,0.00984936631863806
22,35,0.0064020881071126245
22,36,0.004161357269623721
22,37,0.0027048822252557286
22,38,0.0017581734464165665
22,39,0.0011428127401706982
22,40,0.000742828281111246
22,41,0.00048283838272208935
22,42,0.0003138449487694194
22,43,0.00020399921670012023
22,44,0.0001325994908550011
22,45,8.618966905580174e-05
22,46,5.602328488627367e-05
22,47,3.641513517604089e-05
22,48,2.366983786443719e-05
22,49,1.538539461189597e-05
22,50,1.0000506497740534e-05
23,0,4.97745340030335e-05
23,1,0.00010892965326048977
23,2,0.00018861382255548593
23,3,0.00030384444302443945
23,4,0.00047633805467872247
23,5,0.0007386030689455268
23,6,0.001140066353898323
23,7,0.0017563882978550369
23,8,0.002703721882561236
23,9,0.004160603052827124
23,10,0.00640159787535638
23,11,0.00984904768208785
23,12,0.015152664167365633
23,13,0.023311975053416104
23,14,0.035864696622613525
23,15,0.05517653409376167
23,16,0.08488702606719567
23,17,0.1305954575686681
23,18,0.20091610991964232
23,19,0.3091017214477972
23,20,0.47554111894108303
23,21,0.7316017273116961
23,22,1.1255411227526801
23,23,1.7316017297892705
23,24,1.125541124363064
23,25,0.7316017308359821
23,26,0.47554112504340434
23,27,0.30910173127823104
23,28,0.20091612533083456
23,29,0.1305954814650187
23,30,0.08488706295227448
23,31,0.055176590918980375
23,32,0.03586478409734035
23,33,0.023312109663269482
23,34,0.015152871281123373
23,35,0.009849366332729996
23,36,0.006402088116272225
23,37,0.00416135727557747
23,38,0.00270488222912583
23,39,0.0017581734489322807
23,40,0.0011428127418059376
23,41,0.0007428282821741059
23,42,0.00048283838341292427
23,43,0.00031384494921847886
23,44,0.0002039992169920172
23,45,0.00013259949104470052
23,46,8.618966917910877e-05
23,47,5.602328496643429e-05
23,48,3.6415135228142346e-05
23,49,2.3669837898305874e-05
23,50,1.5385394633913925e-05
24,0,3.235344710197723e-05
24,1,7.080427461931665e-05
24,2,0.00012259898466107484
24,3,0.000197498887965866
24,4,0.0003096197355411891
24,5,0.00048009199481460535
24,6,0.0007410431300338482
24,7,0.0011416523936057395
24,8,0.0017574192236648651
24,9,0.0027043919843375707
24,10,0.00416103861898179
24,11,0.006401880993356926
24,12,0.009849231708788283
24,13,0.015152783784720927
24,14,0.023312052804697458
24,15,0.035864747160946696
24,16,0.05517656694367823
24,17,0.08488704741964147
24,18,0.1305954714477564
24,19,0.2009161189410534
24,20,0.309101727311717
24,21,0.4755411227526314
24,22,0.7316017297892193
24,23,1.125541124363064
24,24,1.7316017308360168
24,25,1.1255411250434197
24,26,0.7316017312782443
24,27,0.4755411253308692
24,28,0.3091017314650847
24,29,0.20091612545228926
24,30,0.13059548154396236
24,31,0.08488706300358846
24,32,0.05517659095233451
24,33,0.03586478411902063
24,34,0.023312109677361616
24,35,0.015152871290283096
24,36,0.009849366338683739
24,37,0.006402088120142012
24,38,0.004161357278092843
24,39,0.0027048822307610258
24,40,0.0017581734499952548
24,41,0.0011428127424968947
24,42,0.0007428282826231931
24,43,0.00048283838370481106
24,44,0.0003138449494082115
24,45,0.0002039992171153529
24,46,0.00013259949112483894
24,47,8.618966923120122e-05
24,48,5.6023285000298564e-05
24,49,3.6415135250155384e-05
24,50,2.3669837912616997e-05
25,0,2.1029740616280087e-05
25,1,4.6022778502559476e-05
25,2,7.96893400296932e-05
25,3,0.00012837427717782055
25,4,0.0002012528281017507
25,5,0.0003120597966295165
25,6,0.00048167803452201234
25,7,0.000742074055843662
25,8,0.0011423224953821271
25,9,0.001757854789819523
25,10,0.0027046751023380583
25,11,0.004161222645682148
25,12,0.006402000610712169
25,13,0.009849309460069263
25,14,0.015152834323053569
25,15,0.02331208565461401
25,16,0.03586476851339276
25,17,0.05517658082276819
25,18,0.08488705644104995
25,19,0.13059547731167062
25,20,0.20091612275260107
25,21,0.30910172978922534
25,22,0.4755411243630147
25,23,0.7316017308359821
25,24,1.1255411250434197
25,25,1.7316017312782286
25,26,1.1255411253308434
25,27,0.7316017314650983
25,28,0.475541125452319
25,29,0.3091017315440284
25,30,0.20091612550360252
25,31,0.13059548157731427
25,32,0.08488706302526773
25,33,0.055176590966426096
25,34,0.03586478412818025
25,35,0.02331210968331532
25,36,0.015152871294152862
25,37,0.009849366341199008
25,38,0.006402088121776809
25,39,0.004161357279155509
25,40,0.002704882231451918
25,41,0.0017581734504444235
25,42,0.0011428127427888805
25,43,0.0007428282828128514
25,44,0.00048283838382813147
25,45,0.00031384494948830734
25,46,0.00020399921716746924
25,47,0.00013259949115868768
25,48,8.618966925320133e-05
25,49,5.602328501459145e-05
25,50,3.641513525945582e-05
26,0,1.3669331400582236e-05
26,1,2.991480602665749e-05
26,2,5.179807101930459e-05
26,3,8.344328016557582e-05
26,4,0.00013081433826614525
26,5,0.0002028388678091617
26,6,0.00031309072243933456
26,7,0.0004823481362983899
26,8,0.0007425096219983077
26,9,0.0011426056133826538
26,10,0.0017580388165198764
26,11,0.0027047947196932494
26,12,0.004161300396963059
26,13,0.006402051149044771
26,14,0.009849342309985512
26,15,0.01515285567549911
26,16,0.02331209953370394
26,17,0.03586477753480149
26,18,0.05517658668668388
26,19,0.08488706025259517
26,20,0.1305954797891738
26,21,0.2009161243629813
26,22,0.30910173083597625
26,23,0.47554112504340434
26,24,0.7316017312782443
26,25,1.1255411253308434
26,26,1.7316017314650447
26,27,1.1255411254522611
26,28,0.7316017315440456
26,29,0.4755411255036302
26,30,0.3091017315773818
26,31,0.200916125525282
26,32,0.13059548159140677
26,33,0.08488706303442681
26,34,0.055176590972379556
26,35,0.03586478413205007
26,36,0.023312109685830657
26,37,0.0151528712957877
26,38,0.00984936634226159
26,39,0.006402088122467393
26,40,0.004161357279604414
26,41,0.0027048822317438524
26,42,0.001758173450634264
26,43,0.0011428127429122352
26,44,0.0007428282828928915
26,45,0.0004828383838801905
26,46,0.00031384494952210707
26,47,0.0002039992171894958
26,48,0.00013259949117297806
26,49,8.618966926248152e-05
26,50,5.6023285020622815e-05
27,0,8.885065410379989e-06
27,1,1.944462391732916e-05
27,2,3.366874616254202e-05
27,3,5.423813210762719e-05
27,4,8.502931987298407e-05
27,5,0.00013184526407596147
27,6,0.00020350896958554142
27,7,0.0003135262885939829
27,8,0.00048263125429890823
27,9,0.0007426936486986443
27,10,0.0011427252307378826
27,11,0.0017581165678007082
27,12,0.0027048452580257544
27,13,0.00416133324687922
27,14,0.006402072501490281
27,15,0.00984935618907513
27,16,0.015152864696907358
27,17,0.023312105397619604
27,18,0.035864781346346915
27,19,0.055176589164188425
27,20,0.08488706186297312
27,21,0.13059548083591843
27,22,0.20091612504336914
27,23,0.30910173127823104
27,24,0.4755411253308692
27,25,0.7316017314650983
27,26,1.1255411254522611
27,27,1.731601731543958
27,28,1.1255411255035428
27,29,0.7316017315773706
27,30,0.47554112552530775
27,31,0.3091017315914528
27,32,0.20091612553444294
27,33,0.13059548159736906
27,34,0.08488706303829614
27,35,0.055176590974894676
27,36,0.03586478413368497
27,37,0.02331210968689331
27,38,0.015152871296478304
27,39,0.009849366342710438
27,40,0.006402088122759047
27,41,0.004161357279794014
27,42,0.002704882231867226
27,43,0.0017581734507144905
27,44,0.0011428127429643311
27,45,0.0007428282829266223
27,46,0.0004828383839021575
27,47,0.0003138449495363555
27,48,0.00020399921719880724
27,49,0.00013259949117900134
27,50,8.618966926639266e-05
28,0,5.775292516746469e-06
28,1,1.2639005546265702e-05
28,2,2.1884685005655286e-05
28,3,3.525478586995313e-05
28,4,5.526905791744235e-05
28,5,8.569942164936255e-05
28,6,0.00013228083023060776
28,7,0.00020379208758606124
28,8,0.0003137103152943226
28,9,0.0004827508716541259
28,10,0.0007427713999795381
28,11,0.0011427757690704718
28,12,0.001758149417716825
28,13,0.002704866610471198
28,14,0.004161347125968784
28,15,0.006402081522898185
28,16,0.009849362052990317
28,17,0.015152868508452226
28,18,0.023312107875124045
28,19,0.03586478295672502
28,20,0.0551765902109342
28,21,0.08488706254335794
28,22,0.13059548127816825
28,23,0.20091612533083456
28,24,0.3091017314650847
28,25,0.475541125452319
28,26,0.7316017315440456
28,27,1.1255411255035428
28,28,1.7316017315772834
28,29,1.1255411255251733
28,30,0.7316017315914265
28,31,0.47554112553445194
28,32,0.3091017315973884
28,33,0.20091612553831908
28,34,0.13059548159989218
28,35,0.08488706303993059
28,36,0.05517659097595711
28,37,0.03586478413437564
28,38,0.0233121096873422
28,39,0.015152871296769985
28,40,0.009849366342899984
28,41,0.006402088122882165
28,42,0.004161357279874064
28,43,0.0027048822319193522
28,44,0.001758173450748394
28,45,0.0011428127429863196
28,46,0.0007428282829408033
28,47,0.000482838383911433
28,48,0.0003138449495423452
28,49,0.00020399921720271524
28,50,0.00013259949118153558
29,0,3.753940135885372e-06
29,1,8.21535360507196e-06
29,2,1.422504525367773e-05
29,3,2.291561081547426e-05
29,4,3.592488764633471e-05
29,5,5.570462407208847e-05
29,6,8.598253964988099e-05
29,7,0.00013246485693094534
29,8,0.00020391170494128065
29,9,0.0003137880665752167
29,10,0.00048280140998670576
29,11,0.0007428042498957164
29,12,0.001142797121515995
29,13,0.0017581632968063543
29,14,0.00270487563187936
29,15,0.004161352989884108
29,16,0.006402085334442853
29,17,0.00984936453049439
29,18,0.015152870118829872
29,19,0.023312108921869756
29,20,0.03586478363710994
29,21,0.05517659065318442
29,22,0.08488706283082104
29,23,0.1305954814650187
29,24,0.20091612545228926
29,25,0.3091017315440284
29,26,0.4755411255036302
29,27,0.7316017315773706
29,28,1.1255411255251733
29,29,1.731601731591323
29,30,1.1255411255342729
29,31,0.7316017315973334
29,32,0.47554112553830474
29,33,0.3091017315998882
29,34,0.2009161255399582
29,35,0.1305954816009609
29,36,0.08488706304062019
29,37,0.05517659097640539
29,38,0.03586478413466707
29,39,0.02331210968753162
29,40,0.015152871296893465
29,41,0.009849366342979907
29,42,0.006402088122934571
29,43,0.004161357279907784
29,44,0.0027048822319413503
29,45,0.0017581734507627108
29,46,0.0011428127429953048
29,47,0.0007428282829467379
29,48,0.0004828383839154802
29,49,0.00031384494954482604
29,50,0.0002039992172043014
30,0,2.440061088324985e-06
30,1,5.33997984329685e-06
30,2,9.246279414889418e-06
30,3,1.4895147030059498e-05
30,4,2.335117697012349e-05
30,5,3.6208005646856006e-05
30,6,5.588865077242538e-05
30,7,8.610215700509878e-05
30,8,0.0001325426082118376
30,9,0.0002039622432738605
30,10,0.00031382091649139593
30,11,0.0004828227624322206
30,12,0.0007428181289853022
30,13,0.0011428061429242325
30,14,0.0017581691607216523
30,15,0.0027048794434242716
30,16,0.004161355467388322
30,17,0.006402086944820325
30,18,0.009849365577239784
30,19,0.015152870799214374
30,20,0.02331210936411991
30,21,0.03586478392457274
30,22,0.05517659084003553
30,23,0.08488706295227448
30,24,0.13059548154396236
30,25,0.20091612550360252
30,26,0.3091017315773818
30,27,0.47554112552530775
30,28,0.7316017315914265
30,29,1.1255411255342729
30,30,1.731601731597221
30,31,1.12554112553808
30,32,0.7316017315998047
30,33,0.47554112553992506
30,34,0.30910173160093607
30,35,0.20091612554064223
30,36,0.130595481601415
30,37,0.08488706304091076
30,38,0.055176590976594296
30,39,0.035864784134789926
30,40,0.023312109687611732
30,41,0.015152871296947807
30,42,0.009849366343013883
30,43,0.006402088122957591
30,44,0.004161357279921938
30,45,0.0027048822319506224
30,46,0.0017581734507685746
30,47,0.0011428127429989104
30,48,0.0007428282829492834
30,49,0.00048283838391723316
30,50,0.0003138449495458033
31,0,1.586039707411972e-06
31,1,3.4709868981427467e-06
31,2,6.010081619678608e-06
31,3,9.681845569537562e-06
31,4,1.5178265030581189e-05
31,5,2.3535203670463555e-05
31,6,3.6327623002077864e-05
31,7,5.596640205331795e-05
31,8,8.615269533767796e-05
31,9,0.00013257545812801457
31,10,0.00020398359571937604
31,11,0.00031383479558098285
31,12,0.00048283178384045063
31,13,0.0007428239929006527
31,14,0.001142809954469181
31,15,0.0017581716382258157
31,16,0.002704881053801951
31,17,0.0041613565141338325
31,18,0.006402087625204664
31,19,0.009849366019489637
31,20,0.015152871086676777
31,21,0.02331210955097069
31,22,0.035864784046026096
31,23,0.055176590918980375
31,24,0.08488706300358846
31,25,0.13059548157731427
31,26,0.200916125525282
31,27,0.3091017315914528
31,28,0.47554112553445194
31,29,0.7316017315973334
31,30,1.12554112553808
31,31,1.7316017315996783
31,32,1.125541125539656
31,33,0.7316017316008273
31,34,0.4755411255406015
31,35,0.30910173160136434
31,36,0.2009161255409168
31,37,0.13059548160160903
31,38,0.08488706304103269
31,39,0.0551765909766736
31,40,0.035864784134841704
31,41,0.023312109687646906
31,42,0.015152871296972053
31,43,0.009849366343028762
31,44,0.006402088122967788
31,45,0.004161357279927829
31,46,0.0027048822319544006
31,47,0.001758173450770938
31,48,0.0011428127430003349
31,49,0.0007428282829503444
31,50,0.0004828383839179953
32,0,1.0309258098172312e-06
32,1,2.256141483793203e-06
32,2,3.906553052790792e-06
32,3,6.293199620200034e-06
32,4,9.865872269876498e-06
32,5,1.529788238580185e-05
32,6,2.3612954951357784e-05
32,7,3.637816133466088e-05
32,8,5.5999251969495504e-05
32,9,8.617404778319239e-05
32,10,0.0001325893372175999
32,11,0.00020399261712760684
32,12,0.0003138406594963345
32,13,0.0004828355953854278
32,14,0.0007428264704048884
32,15,0.0011428115648468595
32,16,0.0017581726849712597
32,17,0.0027048817341864652
32,18,0.004161356956383642
32,19,0.00640208791266682
32,20,0.009849366206340068
32,21,0.015152871208129562
32,22,0.023312109629915305
32,23,0.03586478409734035
32,24,0.05517659095233451
32,25,0.08488706302526773
32,26,0.13059548159140677
32,27,0.20091612553444294
32,28,0.3091017315973884
32,29,0.47554112553830474
32,30,0.7316017315998047
32,31,1.125541125539656
32,32,1.7316017316006884
32,33,1.1255411255402936
32,34,0.7316017316012396
32,35,0.4755411255408763
32,36,0.30910173160152826
32,37,0.2009161255410244
32,38,0.13059548160169313
32,39,0.08488706304108354
32,40,0.05517659097670681
32,41,0.035864784134864346
32,42,0.023312109687662542
32,43,0.0151528712969837
32,44,0.009849366343035317
32,45,0.006402088122972528
32,46,0.004161357279930166
32,47,0.0027048822319559085
32,48,0.001758173450771806
32,49,0.001142812743000816
32,50,0.0007428282829508848
33,0,6.701017763814205e-07
33,1,1.4664919644651142e-06
33,2,2.539259484314354e-06
33,3,4.090579753129814e-06
33,4,6.4128169754205824e-06
33,5,9.943623550769859e-06
33,6,1.5348420718382807e-05
33,7,2.364580486753618e-05
33,8,3.639951378017848e-05
33,9,5.601313105908062e-05
33,10,8.618306919142213e-05
33,11,0.00013259520113294995
33,12,0.00020399642867258464
33,13,0.0003138431370005716
33,14,0.0004828372057631802
33,15,0.0007428275171504266
33,16,0.0011428122452313927
33,17,0.0017581731272211635
33,18,0.00270488202164888
33,19,0.004161357143233917
33,20,0.0064020880341193
33,21,0.009849366285284211
33,22,0.015152871259443333
33,23,0.023312109663269482
33,24,0.03586478411902063
33,25,0.055176590966426096
33,26,0.08488706303442681
33,27,0.13059548159736906
33,28,0.20091612553831908
33,29,0.3091017315998882
33,30,0.47554112553992506
33,31,0.7316017316008273
33,32,1.1255411255402936
33,33,1.731601731601091
33,34,1.1255411255405376
33,35,0.7316017316013937
33,36,0.47554112554097955
33,37,0.3091017316015851
33,38,0.2009161255410623
33,39,0.13059548160173062
33,40,0.08488706304110454
33,41,0.05517659097672309
33,42,0.03586478413487431
33,43,0.02331210968766781
33,44,0.015152871296989761
33,45,0.009849366343036636
33,46,0.006402088122974878
33,47,0.0041613572799310385
33,48,0.0027048822319564484
33,49,0.001758173450771498
33,50,0.0011428127430009787
34,0,4.355661546477166e-07
34,1,9.532197769024844e-07
34,2,1.6505186648037685e-06
34,3,2.6588768395345036e-06
34,4,4.168331034023165e-06
34,5,6.463355308001371e-06
34,6,9.97647346694734e-06
34,7,1.5369773163898445e-05
34,8,2.3659683957122084e-05
34,9,3.640853518841079e-05
34,10,5.601899497443062e-05
34,11,8.618688073639902e-05
34,12,0.00013259767863718557
34,13,0.00020399803905033804
34,14,0.00031384418374611243
34,15,0.0004828378861477795
34,16,0.0007428279594004165
34,17,0.0011428125326938257
34,18,0.0017581733140718142
34,19,0.002704882143101783
34,20,0.0041613572221780365
34,21,0.006402088085432797
34,22,0.00984936631863806
34,23,0.015152871281123373
34,24,0.023312109677361616
34,25,0.03586478412818025
34,26,0.055176590972379556
34,27,0.08488706303829614
34,28,0.13059548159989218
34,29,0.2009161255399582
34,30,0.30910173160093607
34,31,0.4755411255406015
34,32,0.7316017316012396
34,33,1.1255411255405376
34,34,1.7316017316012384
34,35,1.1255411255406158
34,36,0.7316017316014795
34,37,0.47554112554101335
34,38,0.30910173160162774
34,39,0.20091612554107138
34,40,0.1305954816017286
34,41,0.08488706304111455
34,42,0.05517659097673937
34,43,0.03586478413487755
34,44,0.02331210968766669
34,45,0.015152871296992254
34,46,0.009849366343035678
34,47,0.0064020881229762
34,48,0.004161357279931292
34,49,0.002704882231956226
34,50,0.001758173450771039
35,0,2.8311800052105947e-07
35,1,6.195928549863846e-07
35,2,1.0728371321226624e-06
35,3,1.7282699456968502e-06
35,4,2.7094151721150332e-06
35,5,4.201180950200738e-06
35,6,6.484707753516295e-06
35,7,9.990352556532033e-06
35,8,1.5378794572128766e-05
35,9,2.3665547872472194e-05
35,10,3.6412346733389826e-05
35,11,5.602147247866601e-05
35,12,8.618849111415147e-05
35,13,0.0001325987253827252
35,14,0.0002039987194349389
35,15,0.0003138446259961035
35,16,0.0004828381736102723
35,17,0.0007428281462510367
35,18,0.0011428126541466737
35,19,0.0017581733930162817
35,20,0.0027048821944156685
35,21,0.0041613572555318215
35,22,0.0064020881071126245
35,23,0.009849366332729996
35,24,0.015152871290283096
35,25,0.02331210968331532
35,26,0.03586478413205007
35,27,0.055176590974894676
35,28,0.08488706303993059
35,29,0.1305954816009609
35,30,0.20091612554064223
35,31,0.30910173160136434
35,32,0.4755411255408763
35,33,0.7316017316013937
35,34,1.1255411255406158
35,35,1.7316017316012775
35,36,1.1255411255406509
35,37,0.7316017316015594
35,38,0.47554112554103817
35,39,0.30910173160166116
35,40,0.200916125541056
35,41,0.1305954816017198
35,42,0.08488706304112456
35,43,0.055176590976750345
35,44,0.03586478413487664
35,45,0.023312109687663687
35,46,0.01515287129699311
35,47,0.00984936634303427
35,48,0.0064020881229770454
35,49,0.004161357279931055
35,50,0.002704882231955905
36,0,1.8402670033876438e-07
36,1,4.027353557412547e-07
36,2,6.973441358794922e-07
36,3,1.1233754647032218e-06
36,4,1.7611198618741855e-06
36,5,2.7307676176302204e-06
36,6,4.215060039785802e-06
36,7,6.493729161746146e-06
36,8,9.996216471881445e-06
36,9,1.538260611710612e-05
36,10,2.3668025376705644e-05
36,11,3.641395711114286e-05
36,12,5.6022519224204606e-05
36,13,8.61891714987522e-05
36,14,0.00013259916763271612
36,15,0.0002039990068974327
36,16,0.0003138448128467254
36,17,0.00048283829506317515
36,18,0.0007428282251954963
36,19,0.001142812705460522
36,20,0.001758173426370389
36,21,0.0027048822160958227
36,22,0.004161357269623721
36,23,0.006402088116272225
36,24,0.009849366338683739
36,25,0.015152871294152862
36,26,0.023312109685830657
36,27,0.03586478413368497
36,28,0.05517659097595711
36,29,0.08488706304062019
36,30,0.130595481601415
36,31,0.2009161255409168
36,32,0.30910173160152826
36,33,0.47554112554097955
36,34,0.7316017316014795
36,35,1.1255411255406509
36,36,1.7316017316013064
36,37,1.1255411255406949
36,38,0.7316017316016352
36,39,0.4755411255410616
36,40,0.30910173160167914
36,41,0.20091612554103946
36,42,0.13059548160171364
36,43,0.084887063041132
36,44,0.055176590976758325
36,45,0.03586478413487486
36,46,0.023312109687660273
36,47,0.01515287129699368
36,48,0.009849366343032852
36,49,0.006402088122977228
36,50,0.0041613572799308034
37,0,1.196173552201515e-07
37,1,2.617779812318491e-07
37,2,4.53273688321758e-07
37,3,7.301940520568022e-07
37,4,1.1447279102185108e-06
37,5,1.7749989514590964e-06
37,6,2.7397890258601165e-06
37,7,4.22092395513542e-06
37,8,6.497540706723006e-06
37,9,9.998693976116403e-06
37,10,1.538421649485911e-05
37,11,2.3669072122243405e-05
37,12,3.641463749574358e-05
37,13,5.6022961474194254e-05
37,14,8.618945896125492e-05
37,15,0.0001325993544833431
37,16,0.00020399912835034024
37,17,0.000313844891791116
37,18,0.0004828383463770278
37,19,0.0007428282585495747
37,20,0.0011428127271406277
37,21,0.001758173440462555
37,22,0.0027048822252557286
37,23,0.00416135727557747
37,24,0.006402088120142012
37,25,0.009849366341199008
37,26,0.0151528712957877
37,27,0.02331210968689331
37,28,0.03586478413437564
37,29,0.05517659097640539
37,30,0.08488706304091076
37,31,0.13059548160160903
37,32,0.2009161255410244
37,33,0.3091017316015851
37,34,0.47554112554101335
37,35,0.7316017316015594
37,36,1.1255411255406949
37,37,1.7316017316013512
37,38,1.1255411255407437
37,39,0.7316017316017094
37,40,0.4755411255410778
37,41,0.3091017316016958
37,42,0.20091612554103533
37,43,0.13059548160170772
37,44,0.08488706304113801
37,45,0.05517659097676533
37,46,0.03586478413487301
37,47,0.023312109687657182
37,48,0.015152871296994209
37,49,0.009849366343031244
37,50,0.006402088122975169
38,0,7.775128089314978e-08
38,1,1.701556878006982e-07
38,2,2.9462789740917396e-07
38,3,4.7462613383701764e-07
38,4,7.44073141641706e-07
38,5,1.1537493184486435e-06
38,6,1.780862866808652e-06
38,7,2.743600570837065e-06
38,8,4.223401459370609e-06
38,9,6.4991510844755205e-06
38,10,9.999740721655569e-06
38,11,1.5384896879459796e-05
38,12,2.3669514372232324e-05
38,13,3.6414924958235656e-05
38,14,5.602314832481332e-05
38,15,8.618958041416577e-05
38,16,0.00013259943342773547
38,17,0.00020399917966419526
38,18,0.0003138449251451225
38,19,0.0004828383680571309
38,20,0.000742828272641709
38,21,0.0011428127363004976
38,22,0.0017581734464165665
38,23,0.00270488222912583
38,24,0.004161357278092843
38,25,0.006402088121776809
38,26,0.00984936634226159
38,27,0.015152871296478304
38,28,0.0233121096873422
38,29,0.03586478413466707
38,30,0.055176590976594296
38,31,0.08488706304103269
38,32,0.13059548160169313
38,33,0.2009161255410623
38,34,0.30910173160162774
38,35,0.47554112554103817
38,36,0.7316017316016352
38,37,1.1255411255407437
38,38,1.7316017316013956
38,39,1.1255411255409127
38,40,0.7316017316017728
38,41,0.47554112554109224
38,42,0.30910173160171756
38,43,0.200916125541064
38,44,0.13059548160170176
38,45,0.08488706304114318
38,46,0.05517659097677148
38,47,0.035864784134871305
38,48,0.023312109687654344
38,49,0.015152871296994459
38,50,0.009849366343028326
39,0,5.053833258049217e-08
39,1,1.1060119707047445e-07
39,2,1.9150813331595849e-07
39,3,3.085069869940655e-07
39,4,4.836475420671965e-07
39,5,7.499370569913084e-07
39,6,1.1575608634257617e-06
39,7,1.7833403710437547e-06
39,8,2.745210948589646e-06
39,9,4.224448204909578e-06
39,10,6.499831469075546e-06
39,11,1.0000182971645606e-05
39,12,1.5385184341953526e-05
39,13,2.3669701222851852e-05
39,14,3.64150464111344e-05
39,15,5.6023227269196716e-05
39,16,8.618963172802277e-05
39,17,0.00013259946678173532
39,18,0.0002039992013442952
39,19,0.000313844939237188
39,20,0.0004828383772169724
39,21,0.0007428282785956675
39,22,0.0011428127401706982
39,23,0.0017581734489322807
39,24,0.0027048822307610258
39,25,0.004161357279155509
39,26,0.006402088122467393
39,27,0.009849366342710438
39,28,0.015152871296769985
39,29,0.02331210968753162
39,30,0.035864784134789926
39,31,0.0551765909766736
39,32,0.08488706304108354
39,33,0.13059548160173062
39,34,0.20091612554107138
39,35,0.30910173160166116
39,36,0.4755411255410616
39,37,0.7316017316017094
39,38,1.1255411255409127
39,39,1.7316017316015966
39,40,1.125541125541158
39,41,0.7316017316018636
39,42,0.47554112554113137
39,43,0.3091017316017727
39,44,0.2009161255410989
39,45,0.13059548160170212
39,46,0.08488706304115164
39,47,0.055176590976779565
39,48,0.03586478413487137
39,49,0.02331210968765268
39,50,0.015152871296994436
40,0,3.2849916177330655e-08
40,1,7.189077809575535e-08
40,2,1.2448028665539978e-07
40,3,2.0052954154615945e-07
40,4,3.1437090234367125e-07
40,5,4.874590870444392e-07
40,6,7.524145612265008e-07
40,7,1.1591712411785273e-06
40,8,1.7843871165830328e-06
40,9,2.745891333189961e-06
40,10,4.22489045489934e-06
40,11,6.5001189315686064e-06
40,12,1.0000369822266116e-05
40,13,1.538530579485556e-05
40,14,2.3669780167236888e-05
40,15,3.641509772498104e-05
40,16,5.6023260623196366e-05
40,17,8.618965340812964e-05
40,18,0.00013259948087378554
40,19,0.00020399921050412778
40,20,0.00031384494519107973
40,21,0.0004828383810870014
40,22,0.000742828281111246
40,23,0.0011428127418059376
40,24,0.0017581734499952548
40,25,0.002704882231451918
40,26,0.004161357279604414
40,27,0.006402088122759047
40,28,0.009849366342899984
40,29,0.015152871296893465
40,30,0.023312109687611732
40,31,0.035864784134841704
40,32,0.05517659097670681
40,33,0.08488706304110454
40,34,0.1305954816017286
40,35,0.200916125541056
40,36,0.30910173160167914
40,37,0.4755411255410778
40,38,0.7316017316017728
40,39,1.125541125541158
40,40,1.7316017316018308
40,41,1.1255411255413976
40,42,0.7316017316019596
40,43,0.4755411255411877
40,44,0.30910173160182697
40,45,0.20091612554113342
40,46,0.13059548160170426
40,47,0.08488706304116055
40,48,0.05517659097678773
40,49,0.035864784134871874
40,50,0.023312109687652436
41,0,2.1352445515269416e-08
41,1,4.672900576226548e-08
41,2,8.091218632596136e-08
41,3,1.303442020050376e-07
41,4,2.0434108652342426e-07
41,5,3.168484065788707e-07
41,6,4.890694647973162e-07
41,7,7.534613067658587e-07
41,8,1.1598516257790118e-06
41,9,1.7848293665733287e-06
41,10,2.7461787956834657e-06
41,11,4.225077305519712e-06
41,12,6.50024038447159e-06
41,13,1.0000448766653068e-05
41,14,1.538535710870485e-05
41,15,2.3669813521237723e-05
41,16,3.641511940507831e-05
41,17,5.602327471526508e-05
41,18,8.618966256798072e-05
41,19,0.00013259948682767128
41,20,0.00020399921437415345
41,21,0.0003138449477065971
41,22,0.00048283838272208935
41,23,0.0007428282821741059
41,24,0.0011428127424968947
41,25,0.0017581734504444235
41,26,0.0027048822317438524
41,27,0.004161357279794014
41,28,0.006402088122882165
41,29,0.009849366342979907
41,30,0.015152871296947807
41,31,0.023312109687646906
41,32,0.035864784134864346
41,33,0.05517659097672309
41,34,0.08488706304111455
41,35,0.1305954816017198
41,36,0.20091612554103946
41,37,0.3091017316016958
41,38,0.47554112554109224
41,39,0.7316017316018636
41,40,1.1255411255413976
41,41,1.7316017316020436
41,42,1.1255411255416168
41,43,0.7316017316020559
41,44,0.4755411255412387
41,45,0.30910173160187626
41,46,0.20091612554116475
41,47,0.1305954816017062
41,48,0.08488706304116864
41,49,0.05517659097679509
41,50,0.035864784134872915
42,0,1.3879089584918661e-08
42,1,3.037385374546654e-08
42,2,5.259292111190242e-08
42,3,8.472373130322391e-08
42,4,1.3282170624026194e-07
42,5,2.059514642763591e-07
42,6,3.178951521182566e-07
42,7,4.897498493979157e-07
42,8,7.539035567562383e-07
42,9,1.1601390882726686e-06
42,10,1.7850162171941939e-06
42,11,2.7463002485868565e-06
42,12,4.225156249906545e-06
42,13,6.500291698322796e-06
42,14,1.0000482120656358e-05
42,15,1.5385378788804938e-05
42,16,2.366982761330171e-05
42,17,3.641512856491693e-05
42,18,5.602328066916918e-05
42,19,8.618966643802422e-05
42,20,0.0001325994893431836
42,21,0.0002039992160092615
42,22,0.0003138449487694194
42,23,0.00048283838341292427
42,24,0.0007428282826231931
42,25,0.0011428127427888805
42,26,0.001758173450634264
42,27,0.002704882231867226
42,28,0.004161357279874064
42,29,0.006402088122934571
42,30,0.009849366343013883
42,31,0.015152871296972053
42,32,0.023312109687662542
42,33,0.03586478413487431
42,34,0.05517659097673937
42,35,0.08488706304112456
42,36,0.13059548160171364
42,37,0.20091612554103533
42,38,0.30910173160171756
42,39,0.47554112554113137
42,40,0.7316017316019596
42,41,1.1255411255416168
42,42,1.731601731602239
42,43,1.1255411255418228
42,44,0.7316017316021436
42,45,0.47554112554128525
42,46,0.3091017316019212
42,47,0.2009161255411933
42,48,0.130595481601708
42,49,0.08488706304117599
42,50,0.05517659097680218
43,0,9.02140823020236e-09
43,1,1.974300493455472e-08
43,2,3.4185398722729955e-08
43,3,5.507042534713167e-08
43,4,8.63341090561217e-08
43,5,1.3386845177964882e-07
43,6,2.0663184887699525e-07
43,7,3.1833740210865106e-07
43,8,4.900373118916716e-07
43,9,7.540904073771698e-07
43,10,1.1602605411761958e-06
43,11,1.7850951615814752e-06
43,12,2.7463515624384593e-06
43,13,4.225189603909751e-06
43,14,6.500313378424659e-06
43,15,1.0000496212722563e-05
43,16,1.5385387948646124e-05
43,17,2.3669833567197512e-05
43,18,3.64151324349465e-05
43,19,5.602328318469657e-05
43,20,8.618966807312235e-05
43,21,0.000132599490405983
43,22,0.00020399921670012023
43,23,0.00031384494921847886
43,24,0.00048283838370481106
43,25,0.0007428282828128514
43,26,0.0011428127429122352
43,27,0.0017581734507144905
43,28,0.0027048822319193522
43,29,0.004161357279907784
43,30,0.006402088122957591
43,31,0.009849366343028762
43,32,0.0151528712969837
43,33,0.02331210968766781
43,34,0.03586478413487755
43,35,0.055176590976750345
43,36,0.084887063041132
43,37,0.13059548160170772
43,38,0.200916125541064
43,39,0.3091017316017727
43,40,0.4755411255411877
43,41,0.7316017316020559
43,42,1.1255411255418228
43,43,1.7316017316024235
43,44,1.1255411255420122
43,45,0.7316017316022249
43,46,0.4755411255413286
43,47,0.3091017316019627
43,48,0.20091612554121968
43,49,0.13059548160170992
43,50,0.08488706304118313
44,0,5.863915349630382e-09
44,1,1.2832953207462109e-08
44,2,2.222050916977766e-08
44,3,3.579577647562486e-08
44,4,5.6117170886520704e-08
44,5,8.701449365672341e-08
44,6,1.3431070177004246e-07
44,7,2.0691931137078313e-07
44,8,3.185242527295962e-07
44,9,4.901587647952852e-07
44,10,7.541693517645121e-07
44,11,1.1603118550278967e-06
44,12,1.7851285155850696e-06
44,13,2.746373242541281e-06
44,14,4.225203695976275e-06
44,15,6.500322538267692e-06
44,16,1.0000502166620687e-05
44,17,1.5385391818678223e-05
44,18,2.3669836082717494e-05
44,19,3.641513407003203e-05
44,20,5.602328424750959e-05
44,21,8.618966876393865e-05
44,22,0.0001325994908550011
44,23,0.0002039992169920172
44,24,0.0003138449494082115
44,25,0.00048283838382813147
44,26,0.0007428282828928915
44,27,0.0011428127429643311
44,28,0.001758173450748394
44,29,0.0027048822319413503
44,30,0.004161357279921938
44,31,0.006402088122967788
44,32,0.009849366343035317
44,33,0.015152871296989761
44,34,0.02331210968766669
44,35,0.03586478413487664
44,36,0.055176590976758325
44,37,0.08488706304113801
44,38,0.13059548160170176
44,39,0.2009161255410989
44,40,0.30910173160182697
44,41,0.4755411255412387
44,42,0.7316017316021436
44,43,1.1255411255420122
44,44,1.7316017316025918
44,45,1.1255411255421843
44,46,0.7316017316022986
44,47,0.47554112554136796
44,48,0.30910173160200044
44,49,0.20091612554124366
44,50,0.13059548160171183
45,0,3.811544977262344e-09
45,1,8.341419584853228e-09
45,2,1.4443330960356954e-08
45,3,2.3267254709163046e-08
45,4,3.6476161076225385e-08
45,5,5.6559420876917704e-08
45,6,8.730195615048011e-08
45,7,1.344975523909869e-07
45,8,2.070407642744264e-07
45,9,3.1860319711694874e-07
45,10,4.902100786470651e-07
45,11,7.542027057681628e-07
45,12,1.1603335351302041e-06
45,13,1.785142607651559e-06
45,14,2.7463824023849388e-06
45,15,4.225209649874365e-06
45,16,6.500326408301268e-06
45,17,1.0000504682145024e-05
45,18,1.5385393453767514e-05
45,19,2.3669837145524732e-05
45,20,3.64151347608545e-05
45,21,5.602328469655098e-05
45,22,8.618966905580174e-05
45,23,0.00013259949104470052
45,24,0.0002039992171153529
45,25,0.00031384494948830734
45,26,0.0004828383838801905
45,27,0.0007428282829266223
45,28,0.0011428127429863196
45,29,0.0017581734507627108
45,30,0.0027048822319506224
45,31,0.004161357279927829
45,32,0.006402088122972528
45,33,0.009849366343036636
45,34,0.015152871296992254
45,35,0.023312109687663687
45,36,0.03586478413487486
45,37,0.05517659097676533
45,38,0.08488706304114318
45,39,0.13059548160170212
45,40,0.20091612554113342
45,41,0.30910173160187626
45,42,0.47554112554128525
45,43,0.7316017316022249
45,44,1.1255411255421843
45,45,1.7316017316027448
45,46,1.1255411255423409
45,47,0.7316017316023657
45,48,0.4755411255412878
45,49,0.3091017316020347
45,50,0.2009161255411889
46,0,2.4775042352158566e-09
46,1,5.421922730152692e-09
46,2,9.388165124234063e-09
46,3,1.51237155609545e-08
46,4,2.370950469955487e-08
46,5,3.676362356998008e-08
46,6,5.6746271497864103e-08
46,7,8.742340905409421e-08
46,8,1.3457649677831864e-07
46,9,2.070920781262186e-07
46,10,3.1863655112060043e-07
46,11,4.902317587494392e-07
46,12,7.542167978347e-07
46,13,1.1603426949733938e-06
46,14,1.7851485615496216e-06
46,15,2.7463862724190745e-06
46,16,4.225212165396296e-06
46,17,6.500328043390357e-06
46,18,1.0000505744955215e-05
46,19,1.5385394144592753e-05
46,20,2.36698375945604e-05
46,21,3.641513505272567e-05
46,22,5.602328488627367e-05
46,23,8.618966917910877e-05
46,24,0.00013259949112483894
46,25,0.00020399921716746924
46,26,0.00031384494952210707
46,27,0.0004828383839021575
46,28,0.0007428282829408033
46,29,0.0011428127429953048
46,30,0.0017581734507685746
46,31,0.0027048822319544006
46,32,0.004161357279930166
46,33,0.006402088122974878
46,34,0.009849366343035678
46,35,0.01515287129699311
46,36,0.023312109687660273
46,37,0.03586478413487301
46,38,0.05517659097677148
46,39,0.08488706304115164
46,40,0.13059548160170426
46,41,0.20091612554116475
46,42,0.3091017316019212
46,43,0.4755411255413286
46,44,0.7316017316022986
46,45,1.1255411255423409
46,46,1.7316017316028838
46,47,1.1255411255424834
46,48,0.7316017316023514
46,49,0.47554112554116545
46,50,0.3091017316020161
47,0,1.6103777528911049e-09
47,1,3.524249774594787e-09
47,2,6.102307330749032e-09
47,3,9.830415114623603e-09
47,4,1.5411178054704156e-08
47,5,2.3896355320495253e-08
47,6,3.688507647359121e-08
47,7,5.6825215885216795e-08
47,8,8.747472290587261e-08
47,9,1.3460985078193923e-07
47,10,2.0711375822859676e-07
47,11,3.1865064318713416e-07
47,12,4.902409185927682e-07
47,13,7.542227517328585e-07
47,14,1.1603465650071415e-06
47,15,1.7851510770715457e-06
47,16,2.746387907508687e-06
47,17,4.225213228204311e-06
47,18,6.500328734215416e-06
47,19,1.0000506193993579e-05
47,20,1.538539443646801e-05
47,21,2.3669837784278664e-05
47,22,3.641513517604089e-05
47,23,5.602328496643429e-05
47,24,8.618966923120122e-05
47,25,0.00013259949115868768
47,26,0.0002039992171894958
47,27,0.0003138449495363555
47,28,0.000482838383911433
47,29,0.0007428282829467379
47,30,0.0011428127429989104
47,31,0.001758173450770938
47,32,0.0027048822319559085
47,33,0.0041613572799310385
47,34,0.0064020881229762
47,35,0.00984936634303427
47,36,0.01515287129699368
47,37,0.023312109687657182
47,38,0.035864784134871305
47,39,0.055176590976779565
47,40,0.08488706304116055
47,41,0.1305954816017062
47,42,0.2009161255411933
47,43,0.3091017316019627
47,44,0.47554112554136796
47,45,0.7316017316023657
47,46,1.1255411255424834
47,47,1.73160173160301
47,48,1.1255411255425638
47,49,0.7316017316023063
47,50,0.47554112554102196
48,0,1.0467455393805223e-09
48,1,2.290762353488062e-09
48,2,3.9664997649825465e-09
48,3,6.389769824501111e-09
48,4,1.0017265735564209e-08
48,5,1.553263095831095e-08
48,6,2.39752997078424e-08
48,7,3.693639032536683e-08
48,8,5.6858569888875956e-08
48,9,8.749640300825026e-08
48,10,1.3462394284845292e-07
48,11,2.0712291807185313e-07
48,12,3.186565970852395e-07
48,13,4.902447886266872e-07
48,14,7.542252672549003e-07
48,15,1.1603482000964172e-06
48,16,1.7851521398795658e-06
48,17,2.746388598334229e-06
48,18,4.225213677240701e-06
48,19,6.500329026088932e-06
48,20,1.000050638371325e-05
48,21,1.5385394559789557e-05
48,22,2.366983786443719e-05
48,23,3.6415135228142346e-05
48,24,5.6023285000298564e-05
48,25,8.618966925320133e-05
48,26,0.00013259949117297806
48,27,0.00020399921719880724
48,28,0.0003138449495423452
48,29,0.0004828383839154802
48,30,0.0007428282829492834
48,31,0.0011428127430003349
48,32,0.001758173450771806
48,33,0.0027048822319564484
48,34,0.004161357279931292
48,35,0.0064020881229770454
48,36,0.009849366343032852
48,37,0.015152871296994209
48,38,0.023312109687654344
48,39,0.03586478413487137
48,40,0.05517659097678773
48,41,0.08488706304116864
48,42,0.130595481601708
48,43,0.20091612554121968
48,44,0.30910173160200044
48,45,0.4755411255412878
48,46,0.7316017316023514
48,47,1.1255411255425638
48,48,1.7316017316030612
48,49,1.1255411255425951
48,50,0.7316017316022309
49,0,6.803846005969503e-10
49,1,1.4889955297685423e-09
49,2,2.5782248472399255e-09
49,3,4.15335038592102e-09
49,4,6.511222728111156e-09
49,5,1.009621012291233e-08
49,6,1.5583944810082996e-08
49,7,2.4008653711496766e-08
49,8,3.6958070427742184e-08
49,9,5.687266195542446e-08
49,10,8.750556285150632e-08
49,11,1.346298967465404e-07
49,12,2.071267881056303e-07
49,13,3.1865911260718453e-07
49,14,4.90246423716088e-07
49,15,7.542263300630046e-07
49,16,1.1603488909216388e-06
49,17,1.7851525889159518e-06
49,18,2.746388890208179e-06
49,19,4.225213866958575e-06
49,20,6.50032914940681e-06
49,21,1.0000506463871591e-05
49,22,1.538539461189597e-05
49,23,2.3669837898305874e-05
49,24,3.6415135250155384e-05
49,25,5.602328501459145e-05
49,26,8.618966926248152e-05
49,27,0.00013259949117900134
49,28,0.00020399921720271524
49,29,0.00031384494954482604
49,30,0.00048283838391723316
49,31,0.0007428282829503444
49,32,0.001142812743000816
49,33,0.001758173450771498
49,34,0.002704882231956226
49,35,0.004161357279931055
49,36,0.006402088122977228
49,37,0.009849366343031244
49,38,0.015152871296994459
49,39,0.02331210968765268
49,40,0.035864784134871874
49,41,0.05517659097679509
49,42,0.08488706304117599
49,43,0.13059548160170992
49,44,0.20091612554124366
49,45,0.3091017316020347
49,46,0.47554112554116545
49,47,0.7316017316023063
49,48,1.1255411255425951
49,49,1.7316017316030805
49,50,1.1255411255426013
50,0,4.4224999038836166e-10
50,1,9.678470943492375e-10
50,2,1.6758461507075301e-09
50,3,2.699677750849952e-09
50,4,4.232294773267325e-09
50,5,6.562536579886287e-09
50,6,1.0129564126567573e-08
50,7,1.560562491245509e-08
50,8,2.4022745778031487e-08
50,9,3.6967230270989745e-08
50,10,5.687861585353969e-08
50,11,8.750943288528072e-08
50,12,1.346324122684674e-07
50,13,2.071284231949013e-07
50,14,3.186601754152012e-07
50,15,4.902471145414222e-07
50,16,7.542267790997081e-07
50,17,1.1603491827954548e-06
50,18,1.785152778633924e-06
50,19,2.7463890135251333e-06
50,20,4.22521394711442e-06
50,21,6.5003292015103956e-06
50,22,1.0000506497740534e-05
50,23,1.5385394633913925e-05
50,24,2.3669837912616997e-05
50,25,3.641513525945582e-05
50,26,5.6023285020622815e-05
50,27,8.618966926639266e-05
50,28,0.00013259949118153558
50,29,0.0002039992172043014
50,30,0.0003138449495458033
50,31,0.0004828383839179953
50,32,0.0007428282829508848
50,33,0.0011428127430009787
50,34,0.001758173450771039
50,35,0.002704882231955905
50,36,0.0041613572799308034
50,37,0.006402088122975169
50,38,0.009849366343028326
50,39,0.015152871296994436
50,40,0.023312109687652436
50,41,0.035864784134872915
50,42,0.05517659097680218
50,43,0.08488706304118313
50,44,0.13059548160171183
50,45,0.2009161255411889
50,46,0.3091017316020161
50,47,0.47554112554102196
50,48,0.7316017316022309
50,49,1.1255411255426013
50,50,1.7316017316030803
